{
  "project_info": {
    "project_number": "184663186487",
    "firebase_url": "https://uat-testing-metroz-default-rtdb.firebaseio.com",
    "project_id": "uat-testing-metroz",
    "storage_bucket": "uat-testing-metroz.appspot.com"
  },
  "client": [
    {
      "client_info": {
        "mobilesdk_app_id": "1:184663186487:android:a8d8c82f6460d6d6f7b3b2",
        "android_client_info": {
          "package_name": "com.smiligenceUAT.metrozadmin"
        }
      },
      "oauth_client": [
        {
          "client_id": "184663186487-r0eohf9e3o1o2aka4flutfvr973tkff8.apps.googleusercontent.com",
          "client_type": 3
        }
      ],
      "api_key": [
        {
          "current_key": "AIzaSyCxRAA02wRVr1pxB6-J8JXbp3iTmXFWy5A"
        }
      ],
      "services": {
        "appinvite_service": {
          "other_platform_oauth_client": [
            {
              "client_id": "184663186487-r0eohf9e3o1o2aka4flutfvr973tkff8.apps.googleusercontent.com",
              "client_type": 3
            }
          ]
        }
      }
    },
    {
      "client_info": {
        "mobilesdk_app_id": "1:184663186487:android:d7e1e099816f7129f7b3b2",
        "android_client_info": {
          "package_name": "com.smiligenceUAT.metrozcustomer"
        }
      },
      "oauth_client": [
        {
          "client_id": "184663186487-9gtmge1sq1sfct6oeog559f7m5g8u8r4.apps.googleusercontent.com",
          "client_type": 1,
          "android_info": {
            "package_name": "com.smiligenceUAT.metrozcustomer",
            "certificate_hash": "f83fce6065ea7e87c6273eb2fc0dd3d0f54deed1"
          }
        },
        {
          "client_id": "184663186487-fqpp15loirklkcovrggjj8no71g3d021.apps.googleusercontent.com",
          "client_type": 1,
          "android_info": {
            "package_name": "com.smiligenceUAT.metrozcustomer",
            "certificate_hash": "75e16f655e8173d0dfe65c04f7d3dbf83097bffb"
          }
        },
        {
          "client_id": "184663186487-r0eohf9e3o1o2aka4flutfvr973tkff8.apps.googleusercontent.com",
          "client_type": 3
        }
      ],
      "api_key": [
        {
          "current_key": "AIzaSyCxRAA02wRVr1pxB6-J8JXbp3iTmXFWy5A"
        }
      ],
      "services": {
        "appinvite_service": {
          "other_platform_oauth_client": [
            {
              "client_id": "184663186487-r0eohf9e3o1o2aka4flutfvr973tkff8.apps.googleusercontent.com",
              "client_type": 3
            }
          ]
        }
      }
    },
    {
      "client_info": {
        "mobilesdk_app_id": "1:184663186487:android:1b620a7ebee98631f7b3b2",
        "android_client_info": {
          "package_name": "com.smiligenceUAT.metrozdeliveryappnew"
        }
      },
      "oauth_client": [
        {
          "client_id": "184663186487-229preak8ipt8c7dfdelmp52m0pfdpvp.apps.googleusercontent.com",
          "client_type": 1,
          "android_info": {
            "package_name": "com.smiligenceUAT.metrozdeliveryappnew",
            "certificate_hash": "f83fce6065ea7e87c6273eb2fc0dd3d0f54deed1"
          }
        },
        {
          "client_id": "184663186487-lsqnn9a2esvpol20u5d9c208sg6n22d8.apps.googleusercontent.com",
          "client_type": 1,
          "android_info": {
            "package_name": "com.smiligenceUAT.metrozdeliveryappnew",
            "certificate_hash": "75e16f655e8173d0dfe65c04f7d3dbf83097bffb"
          }
        },
        {
          "client_id": "184663186487-r0eohf9e3o1o2aka4flutfvr973tkff8.apps.googleusercontent.com",
          "client_type": 3
        }
      ],
      "api_key": [
        {
          "current_key": "AIzaSyCxRAA02wRVr1pxB6-J8JXbp3iTmXFWy5A"
        }
      ],
      "services": {
        "appinvite_service": {
          "other_platform_oauth_client": [
            {
              "client_id": "184663186487-r0eohf9e3o1o2aka4flutfvr973tkff8.apps.googleusercontent.com",
              "client_type": 3
            }
          ]
        }
      }
    },
    {
      "client_info": {
        "mobilesdk_app_id": "1:184663186487:android:cf412473afb18adbf7b3b2",
        "android_client_info": {
          "package_name": "com.smiligenceUAT.metrozsellerpartner"
        }
      },
      "oauth_client": [
        {
          "client_id": "184663186487-4pn7bk4hh2n5n4k9uh9rov5jgb7i1m0e.apps.googleusercontent.com",
          "client_type": 1,
          "android_info": {
            "package_name": "com.smiligenceUAT.metrozsellerpartner",
            "certificate_hash": "75e16f655e8173d0dfe65c04f7d3dbf83097bffb"
          }
        },
        {
          "client_id": "184663186487-puavkjfftcvpj2d2odberh29huj39rs9.apps.googleusercontent.com",
          "client_type": 1,
          "android_info": {
            "package_name": "com.smiligenceUAT.metrozsellerpartner",
            "certificate_hash": "f83fce6065ea7e87c6273eb2fc0dd3d0f54deed1"
          }
        },
        {
          "client_id": "184663186487-r0eohf9e3o1o2aka4flutfvr973tkff8.apps.googleusercontent.com",
          "client_type": 3
        }
      ],
      "api_key": [
        {
          "current_key": "AIzaSyCxRAA02wRVr1pxB6-J8JXbp3iTmXFWy5A"
        }
      ],
      "services": {
        "appinvite_service": {
          "other_platform_oauth_client": [
            {
              "client_id": "184663186487-r0eohf9e3o1o2aka4flutfvr973tkff8.apps.googleusercontent.com",
              "client_type": 3
            }
          ]
        }
      }
    }
  ],
  "configuration_version": "1"
}